Workbook

Sheet Wave 2 2025
A1: Review number | B1: Survey report | C1: Short branch name | D1: Result | E1: Branch Area | F1: Jenis Toko | G1: Kota | H1: Regional | I1: KPI | J1: Site Code
A2: 1081166 | C2: ST EG OL DAAN MOGOT TANGERANG | D2: 91.58 | E2: DKI 03 | F2: ST | G2: Tangerang | H2: REG 01 | I2: 4.6 | J2: =_xlfn.XLOOKUP(C2,Master!C:C,Master!B:B) -> 2130
A3: 1081180 | C3: ST EG YOGYA 4 COKROAMINOG | D3: 79.40 | E3: JATENG 01 | F3: ST | G3: Yogyakarta | H3: REG 03 | I3: 3.95 | J3: =_xlfn.XLOOKUP(C3,Master!C:C,Master!B:B) -> 2070
A4: 1081188 | C4: ST EG OL BUAH BATU BANDUNG | D4: 81.25 | E4: JABAR 02 | F4: ST | G4: Bandung | H4: REG 02 | I4: 4.05 | J4: =_xlfn.XLOOKUP(C4,Master!C:C,Master!B:B) -> 2041
A5: 1081184 | C5: SH AEON MALL SENTUL | D5: 71.75 | E5: DKI 04 | F5: SH | G5: Bogor | H5: REG 01 | I5: 3.6 | J5: =_xlfn.XLOOKUP(C5,Master!C:C,Master!B:B) -> 5159
A6: 1081195 | C6: ST EG UJUNG BERUNG BANDUNG | D6: 92.83 | E6: JABAR 02 | F6: ST | G6: Bandung | H6: REG 02 | I6: 4.65 | J6: =_xlfn.XLOOKUP(C6,Master!C:C,Master!B:B) -> 2007
A7: 1081198 | C7: ST EG KALIMALANG JAKTIM | D7: 81.55 | E7: DKI 02 | F7: ST | G7: Jakarta Timur | H7: REG 01 | I7: 4.1 | J7: =_xlfn.XLOOKUP(C7,Master!C:C,Master!B:B) -> 2269
A8: 1081200 | C8: ST EG CITEUREUP BOGOR | D8: 89.87 | E8: DKI 04 | F8: ST | G8: Bogor | H8: REG 01 | I8: 4.5 | J8: =_xlfn.XLOOKUP(C8,Master!C:C,Master!B:B) -> 2240
A9: 1081202 | C9: ST EG PANAM PEKANBARU | D9: 82.36 | E9: SUM 02 | F9: ST | G9: Pekanbaru | H9: REG 03 | I9: 4.1 | J9: =_xlfn.XLOOKUP(C9,Master!C:C,Master!B:B) -> 7024
A10: 1081221 | C10: ST EG KEBUMEN | D10: 80.97 | E10: JATENG 01 | F10: ST | G10: Kebumen | H10: REG 03 | I10: 4.05 | J10: =_xlfn.XLOOKUP(C10,Master!C:C,Master!B:B) -> 2152
A11: 1081230 | C11: ST EG MAJAPAHIT SEMARANG | D11: 93.41 | E11: JATENG 02 | F11: ST | G11: Semarang | H11: REG 03 | I11: 4.65 | J11: =_xlfn.XLOOKUP(C11,Master!C:C,Master!B:B) -> 2108
A12: 1081214 | C12: SH EG MALL SKA PEKANBARU | D12: 80.13 | E12: SUM 02 | F12: SH | G12: Pekanbaru | H12: REG 03 | I12: 4 | J12: =_xlfn.XLOOKUP(C12,Master!C:C,Master!B:B) -> 5052
A13: 1081219 | C13: ST EG CIMAHI UTARA | D13: 91.62 | E13: JABAR 04 | F13: ST | G13: Cimahi | H13: REG 02 | I13: 4.6 | J13: =_xlfn.XLOOKUP(C13,Master!C:C,Master!B:B) -> 7032
... A274: 1087641 | C274: ST EG LETJ SUPRATO TEBING TINGGI | D274: 84.68 | E274: SUM 03 | F274: ST | G274: Tebing Tinggi | H274: REG 03 | I274: 4.25 | J274: =_xlfn.XLOOKUP(C274,Master!C:C,Master!B:B) -> 2241

Sheet Wave 1 2025
A1: Review number | B1: Survey report | C1: Short branch name | D1: Result | E1: Branch Area | F1: Jenis Toko | G1: Kota | H1: Regional | I1: KPI | J1: Site Code
A2: 1056145 | C2: ST EG KALIMALANG JAKTIM | D2: 80.80 | E2: DKI 02 | F2: ST | G2: Jakarta Timur | H2: REG 01 | I2: 4.05 | J2: =_xlfn.XLOOKUP(C2,Master!C:C,Master!B:B) -> 2269
A3: 1055690 | C3: ST EG PURWOREJO | D3: 72.19 | E3: JATENG 01 | F3: ST | G3: Kabupaten Purworejo | H3: REG 03 | I3: 3.6 | J3: =_xlfn.XLOOKUP(C3,Master!C:C,Master!B:B) -> 7017
A4: 1056015 | C4: ST EG OL KEMANGGISAN JAKARTA | D4: 65.93 | E4: DKI 01 | F4: ST | G4: Jakarta Barat | H4: REG 01 | I4: 3.3 | J4: =_xlfn.XLOOKUP(C4,Master!C:C,Master!B:B) -> 2135
A5: 1055760 | C5: ST EG TEHOK JAMBI | D5: 74.77 | E5: SUM 02 | F5: ST | G5: Jambi | H5: REG 03 | I5: 3.75 | J5: =_xlfn.XLOOKUP(C5,Master!C:C,Master!B:B) -> 2325
A6: 1055619 | C6: ST EG SURABAYA BARAT | D6: 67.26 | E6: JATIM 01 | F6: ST | G6: Surabaya | H6: REG 04 | I6: 3.35 | J6: =_xlfn.XLOOKUP(C6,Master!C:C,Master!B:B) -> 2219
A7: 1059090 | C7: ST EG BANDA ACEH | D7: 88.90 | E7: SUM 03 | F7: ST | G7: Banda Aceh | H7: REG 03 | I7: 4.45 | J7: =_xlfn.XLOOKUP(C7,Master!C:C,Master!B:B) -> 7040
A8: 1056046 | C8: ST EG OL BOGOR | D8: 75.39 | E8: DKI 04 | F8: ST | G8: Bogor | H8: REG 01 | I8: 3.75 | J8: =_xlfn.XLOOKUP(C8,Master!C:C,Master!B:B) -> 2013
A9: 1055857 | C9: ST EG ANTASARI LAMPUNG | D9: 83.01 | E9: SUM 01 | F9: ST | G9: Bandar Lampung | H9: REG 02 | I9: 4.15 | J9: =_xlfn.XLOOKUP(C9,Master!C:C,Master!B:B) -> 2225
A10: 1055707 | C10: ST EG CIMAHI UTARA | D10: 80.72 | E10: JABAR 04 | F10: ST | G10: Cimahi | H10: REG 02 | I10: 4.05 | J10: =_xlfn.XLOOKUP(C10,Master!C:C,Master!B:B) -> 7032
A11: 1057277 | C11: SH EG PARIS VAN JAVA BANDUNG | D11: 85.41 | E11: JABAR 01 | F11: SH | G11: Bandung | H11: REG 02 | I11: 4.25 | J11: =_xlfn.XLOOKUP(C11,Master!C:C,Master!B:B) -> 5148
A12: 1056034 | C12: ST EG OL MANYAR 2 | D12: 72.74 | E12: JATIM 01 | F12: ST | G12: Surabaya | H12: REG 04 | I12: 3.65 | J12: =_xlfn.XLOOKUP(C12,Master!C:C,Master!B:B) -> 2398
A13: 1056194 | C13: SH EG ATRIUM JAKARTA | D13: 82.97 | E13: DKI 01 | F13: SH | G13: Jakarta Pusat | H13: REG 01 | I13: 4.15 | J13: =_xlfn.XLOOKUP(C13,Master!C:C,Master!B:B) -> 5025
... A277: 1060604 | C277: ST EG MUARA BUNGO | D277: 58.14 | E277: SUM 02 | F277: ST | G277: Jambi | H277: REG 02 | I277: 2.9 | J277: =_xlfn.XLOOKUP(C277,Master!C:C,Master!B:B) -> 2354

Sheet Wave 3 2024
A1: Review number | B1: Survey report | C1: Short branch name | D1: Result | E1: Branch Area | F1: Jenis Toko | G1: Kota | H1: Regional | I1: KPI | J1: Site Code
A2: 1031804 | C2: ST EG RANGKASBITUNG | D2: 83.27 | E2: DKI 03 | F2: ST | G2: Rangkasbitung | H2: REG 01 | I2: 4.15 | J2: =_xlfn.XLOOKUP(C2,Master!C:C,Master!B:B) -> 2189
A3: 1031810 | C3: ST EG PANDEGLANG | D3: 84.89 | E3: DKI 03 | F3: ST | G3: Pandeglang | H3: REG 01 | I3: 4.25 | J3: =_xlfn.XLOOKUP(C3,Master!C:C,Master!B:B) -> 2176
A4: 1031412 | C4: ST EG MEDAN HALAT | D4: 75.50 | E4: SUM 03 | F4: ST | G4: Medan | H4: REG 03 | I4: 3.75 | J4: =_xlfn.XLOOKUP(C4,Master!C:C,Master!B:B) -> 2320
A5: 1031416 | C5: ST EG NGANJUK | D5: 97.78 | E5: JATIM 03 | F5: ST | G5: Nganjuk | H5: REG 04 | I5: 4.9 | J5: =_xlfn.XLOOKUP(C5,Master!C:C,Master!B:B) -> 7034
A6: 1031442 | C6: ST EG SIDOARJO | D6: 81.09 | E6: JATIM 01 | F6: ST | G6: Sidoarjo | H6: REG 04 | I6: 4.05 | J6: =_xlfn.XLOOKUP(C6,Master!C:C,Master!B:B) -> 2077
A7: 1031443 | C7: ST EG CEMENGKALANG SIDOARJO | D7: 91.46 | E7: JATIM 01 | F7: ST | G7: Sidoarjo | H7: REG 04 | I7: 4.55 | J7: =_xlfn.XLOOKUP(C7,Master!C:C,Master!B:B) -> 2330
A8: 1031445 | C8: ST EG WARU SIDOARJO | D8: 90.12 | E8: JATIM 01 | F8: ST | G8: Sidoarjo | H8: REG 04 | I8: 4.5 | J8: =_xlfn.XLOOKUP(C8,Master!C:C,Master!B:B) -> 2346
A9: 1031621 | C9: SH EG PARIS VAN JAVA BANDUNG | D9: 88.25 | E9: JABAR 01 | F9: SH | G9: Bandung | H9: REG 02 | I9: 4.4 | J9: =_xlfn.XLOOKUP(C9,Master!C:C,Master!B:B) -> 5148
A10: 1031651 | C10: ST EG CIREBON | D10: 88.56 | E10: JABAR 03 | F10: ST | G10: Cirebon | H10: REG 02 | I10: 4.45 | J10: =_xlfn.XLOOKUP(C10,Master!C:C,Master!B:B) -> 2015
A11: 1031662 | C11: ST EG SILIWANGI CIREBON | D11: 84.36 | E11: JABAR 03 | F11: ST | G11: Cirebon | H11: REG 02 | I11: 4.2 | J11: =_xlfn.XLOOKUP(C11,Master!C:C,Master!B:B) -> 2313
A12: 1031889 | C12: ST EG HANKAM BEKASI | D12: 94.24 | E12: DKI 02 | F12: ST | G12: Bekasi | H12: REG 01 | I12: 4.7 | J12: =_xlfn.XLOOKUP(C12,Master!C:C,Master!B:B) -> 2265
A13: 1032385 | C13: ST EG OL CIHAMPELAS BANDUNG | D13: 98.13 | E13: JABAR 01 | F13: ST | G13: Bandung | H13: REG 02 | I13: 4.9 | J13: =_xlfn.XLOOKUP(C13,Master!C:C,Master!B:B) -> 2004
A14: 1032414 | C14: ST EG CITEUREUP BOGOR | D14: 90.60 | E14: DKI 04 | F14: ST | G14: Bogor | H14: REG 01 | I14: 4.55 | J14: =_xlfn.XLOOKUP(C14,Master!C:C,Master!B:B) -> 2240
A15: 1032401 | C15: ST EG OL BOGOR | D15: 80.20 | E15: DKI 04 | F15: ST | G15: Bogor | H15: REG 01 | I15: 4 | J15: =_xlfn.XLOOKUP(C15,Master!C:C,Master!B:B) -> 2013
A16: 1032412 | C16: ST EG CIBINONG | D16: 88.75 | E16: DKI 04 | F16: ST | G16: Kabupaten Bogor | H16: REG 01 | I16: 4.45 | J16: =_xlfn.XLOOKUP(C16,Master!C:C,Master!B:B) -> 2365
A17: 1032470 | C17: ST EG CIPONDOH TANGERANG | D17: 89.84 | E17: DKI 03 | F17: ST | G17: Tangerang | H17: REG 01 | I17: 4.5 | J17: =_xlfn.XLOOKUP(C17,Master!C:C,Master!B:B) -> 2236
A18: 1032464 | C18: ST EG BOYOLALI | D18: 83.99 | E18: JATENG 01 | F18: ST | G18: Boyolali | H18: REG 03 | I18: 4.2 | J18: =_xlfn.XLOOKUP(C18,Master!C:C,Master!B:B) -> 7016
A19: 1032481 | C19: ST EG MT.HARYONO BALIKPAPAN | D19: 77.25 | E19: IBT 01 | F19: ST | G19: Balikpapan | H19: REG 05 | I19: 3.85 | J19: =_xlfn.XLOOKUP(C19,Master!C:C,Master!B:B) -> 7036
A20: 1032505 | C20: ST EG CINERE DEPOK | D20: 89.46 | E20: DKI 04 | F20: ST | G20: Depok | H20: REG 01 | I20: 4.45 | J20: =_xlfn.XLOOKUP(C20,Master!C:C,Master!B:B) -> 2187
A21: 1032493 | C21: ST EG HASANUDDIN GOWA | D21: 84.19 | E21: IBT 02 | F21: ST | G21: Gowa | H21: REG 03 | I21: 4.2 | J21: =_xlfn.XLOOKUP(C21,Master!C:C,Master!B:B) -> 2234
A22: 1032689 | C22: ST EG LHOKSEUMAWE | D22: 85.99 | E22: SUM 03 | F22: ST | G22: Lhokseumawe | H22: REG 03 | I22: 4.3 | J22: =_xlfn.XLOOKUP(C22,Master!C:C,Master!B:B) -> 2326
A23: 1032603 | C23: ST EG BANDUNG | D23: 85 | E23: JABAR 01 | F23: ST | G23: Bandung | H23: REG 02 | I23: 4.25 | J23: =_xlfn.XLOOKUP(C23,Master!C:C,Master!B:B) -> #N/A
A24: 1032947 | C24: ST EG GRAND DEPOK CITY | D24: 79.60 | E24: DKI 04 | F24: ST | G24: Depok | H24: REG 01 | I24: 4 | J24: =_xlfn.XLOOKUP(C24,Master!C:C,Master!B:B) -> 2393
A25: 1032515 | C25: ST EG PARUNG | D25: 87.15 | E25: DKI 04 | F25: ST | G25: Depok | H25: REG 01 | I25: 4.35 | J25: =_xlfn.XLOOKUP(C25,Master!C:C,Master!B:B) -> 2328
A26: 1032524 | C26: ST EG OL KELAPA GADING JAKARTA | D26: 87.98 | E26: DKI 01 | F26: ST | G26: Jakarta Utara | H26: REG 01 | I26: 4.4 | J26: =_xlfn.XLOOKUP(C26,Master!C:C,Master!B:B) -> 2122
A27: 1032535 | C27: ST EG JATI ASIH BEKASI | D27: 86.36 | E27: DKI 02 | F27: ST | G27: Bekasi | H27: REG 01 | I27: 4.3 | J27: =_xlfn.XLOOKUP(C27,Master!C:C,Master!B:B) -> 2178
A28: 1032545 | C28: ST EG LAKS LEO WATIMENA AMBON | D28: 87.46 | E28: IBT 04 | F28: ST | G28: Ambon | H28: REG 05 | I28: 4.35 | J28: =_xlfn.XLOOKUP(C28,Master!C:C,Master!B:B) -> 2300
A29: 1032530 | C29: ST EG OL SETIABUDHI BANDUNG | D29: 93.86 | E29: JABAR 01 | F29: ST | G29: Bandung | H29: REG 02 | I29: 4.7 | J29: =_xlfn.XLOOKUP(C29,Master!C:C,Master!B:B) -> 2009
A30: 1032529 | C30: ST EG SERPONG TANGERANG | D30: 57.59 | E30: DKI 03 | F30: ST | G30: Tangerang | H30: REG 01 | I30: 2.9 | J30: =_xlfn.XLOOKUP(C30,Master!C:C,Master!B:B) -> 7002
A31: 1032563 | C31: ST EG PATI | D31: 84.34 | E31: JATENG 02 | F31: ST | G31: Kabupaten Pati | H31: REG 03 | I31: 4.2 | J31: =_xlfn.XLOOKUP(C31,Master!C:C,Master!B:B) -> 7033
A32: 1032581 | C32: ST EG OL KALIURANG YOGYAKARTA | D32: 88.65 | E32: JATENG 01 | F32: ST | G32: Sleman | H32: REG 03 | I32: 4.45 | J32: =_xlfn.XLOOKUP(C32,Master!C:C,Master!B:B) -> 2038
A33: 1032559 | C33: ST EG SURABAYA | D33: 81.18 | E33: JATIM 01 | F33: ST | G33: Surabaya | H33: REG 04 | I33: 4.05 | J33: =_xlfn.XLOOKUP(C33,Master!C:C,Master!B:B) -> 2210
A34: 1031642 | C34: SH EG KOTA KASABLANCA JAKARTA | D34: 69.93 | E34: DKI 01 | F34: SH | G34: Jakarta Selatan | H34: REG 01 | I34: 3.5 | J34: =_xlfn.XLOOKUP(C34,Master!C:C,Master!B:B) -> 5026
A35: 1032615 | C35: SH AEON MALL SENTUL | D35: 87.89 | E35: DKI 04 | F35: SH | G35: Bogor | H35: REG 01 | I35: 4.4 | J35: =_xlfn.XLOOKUP(C35,Master!C:C,Master!B:B) -> 5159
A36: 1032704 | C36: ST EG BREBES | D36: 85.33 | E36: JATENG 02 | F36: ST | G36: Kabupaten Brebes | H36: REG 03 | I36: 4.25 | J36: =_xlfn.XLOOKUP(C36,Master!C:C,Master!B:B) -> 2318
... A60: 1032884 | C60: ST EG JEMBER | D60: 90.44 | E60: JATIM 02 | F60: ST | G60: Jember | H60: REG 04 | I60: 4.5 | J60: =_xlfn.XLOOKUP(C60,Master!C:C,Master!B:B) -> 2069
A61: 1032886 | C61: ST EG PENGAYOMAN MAKASAR | D61: 80.46 | E61: IBT 02 | F61: ST | G61: Makassar | H61: REG 05 | I61: 4 | J61: =_xlfn.XLOOKUP(C61,Master!C:C,Master!B:B) -> 2125
A62: 1032890 | C62: SH EG LIPPO PLAZA JEMBER | D62: 87.10 | E62: JATIM 02 | F62: SH | G62: Jember | H62: REG 04 | I62: 4.35 | J62: =_xlfn.XLOOKUP(C62,Master!C:C,Master!B:B) -> 5105
A63: 1032685 | C63: ST EG BITUNG | D63: 88.99 | E63: IBT 04 | F63: ST | G63: Bitung | H63: REG 05 | I63: 4.45 | J63: =_xlfn.XLOOKUP(C63,Master!C:C,Master!B:B) -> 2317
A64: 1032850 | C64: ST EG MERUYA JAKARTA | D64: 92.43 | E64: DKI 01 | F64: ST | G64: Jakarta Barat | H64: REG 01 | I64: 4.6 | J64: =_xlfn.XLOOKUP(C64,Master!C:C,Master!B:B) -> 2310
A65: 1032901 | C65: ST EG PADJ BOGOR | D65: 88.79 | E65: DKI 04 | F65: ST | G65: Bogor | H65: REG 01 | I65: 4.45 | J65: =_xlfn.XLOOKUP(C65,Master!C:C,Master!B:B) -> 2008
A66: 1032868 | C66: ST EG SAWOJAJAR MALANG | D66: 83.87 | E66: JATIM 02 | F66: ST | G66: Malang | H66: REG 04 | I66: 4.2 | J66: =_xlfn.XLOOKUP(C66,Master!C:C,Master!B:B) -> 2246
A67: 1032879 | C67: SH EG BANDARA SOETTA TANGERANG | D67: 83.10 | E67: DKI 03 | F67: SH | G67: Tangerang | H67: REG 01 | I67: 4.15 | J67: =_xlfn.XLOOKUP(C67,Master!C:C,Master!B:B) -> 5158
A68: 1032724 | C68: ST EG OL SEMARANG | D68: 83.95 | E68: JATENG 02 | F68: ST | G68: Semarang | H68: REG 03 | I68: 4.2 | J68: =_xlfn.XLOOKUP(C68,Master!C:C,Master!B:B) -> 2032
A69: 1032921 | C69: ST EG SALEMBA JAKARTA | D69: 72.47 | E69: DKI 01 | F69: ST | G69: Jakarta Pusat | H69: REG 01 | I69: 3.6 | J69: =_xlfn.XLOOKUP(C69,Master!C:C,Master!B:B) -> 2067
A70: 1032953 | C70: ST EG PLUIT MUARA KARANG | D70: 99.13 | E70: DKI 01 | F70: ST | G70: Jakarta Utara | H70: REG 01 | I70: 4.95 | J70: =_xlfn.XLOOKUP(C70,Master!C:C,Master!B:B) -> 2337
A71: 1032957 | C71: ST EG PONDOK GEDE BEKASI | D71: 96.28 | E71: DKI 02 | F71: ST | G71: Bekasi | H71: REG 01 | I71: 4.8 | J71: =_xlfn.XLOOKUP(C71,Master!C:C,Master!B:B) -> 2203
A72: 1032950 | C72: ST EG OL ANDI DJEMMA MAKASAR | D72: 81.00 | E72: IBT 02 | F72: ST | G72: Makassar | H72: REG 05 | I72: 4.05 | J72: =_xlfn.XLOOKUP(C72,Master!C:C,Master!B:B) -> 2266
A73: 1032966 | C73: SH EG GRAND MALL MAROS MAKASAR | D73: 86.63 | E73: IBT 02 | F73: SH | G73: Mandai | H73: REG 05 | I73: 4.35 | J73: =_xlfn.XLOOKUP(C73,Master!C:C,Master!B:B) -> 5122
... A93: 1032598 | C93: ST EG OL RADIO DALAM JAKARTA | D93: 80.84 | E93: DKI 01 | F93: ST | G93: Jakarta Selatan | H93: REG 01 | I93: 4.05 | J93: =_xlfn.XLOOKUP(C93,Master!C:C,Master!B:B) -> 2054
A94: 1033001 | C94: ST EG SUMBAWA | D94: 59.95 | E94: IBT 03 | F94: ST | G94: Kabupaten Sumbawa | H94: REG 05 | I94: 3 | J94: =_xlfn.XLOOKUP(C94,Master!C:C,Master!B:B) -> 2355
A95: 1033232 | C95: ST EG SUMBER CIREBON | D95: 87.70 | E95: JABAR 03 | F95: ST | G95: Kabupaten Cirebon | H95: REG 02 | I95: 4.4 | J95: =_xlfn.XLOOKUP(C95,Master!C:C,Master!B:B) -> 2127
A96: 1033138 | C96: SH EG MEDAN FAIR | D96: 73.43 | E96: SUM 03 | F96: SH | G96: Medan | H96: REG 03 | I96: 3.65 | J96: =_xlfn.XLOOKUP(C96,Master!C:C,Master!B:B) -> 5045
A97: 1033137 | C97: ST EG OL MEDAN | D97: 76.01 | E97: SUM 03 | F97: ST | G97: Medan | H97: REG 03 | I97: 3.8 | J97: =_xlfn.XLOOKUP(C97,Master!C:C,Master!B:B) -> 2056
A98: 1032943 | C98: ST EG SALATIGA | D98: 89.66 | E98: JATENG 02 | F98: ST | G98: Salatiga | H98: REG 03 | I98: 4.5 | J98: =_xlfn.XLOOKUP(C98,Master!C:C,Master!B:B) -> 2052
A99: 1033256 | C99: ST EG JOMBANG | D99: 84.87 | E99: JATIM 03 | F99: ST | G99: Jombang | H99: REG 04 | I99: 4.25 | J99: =_xlfn.XLOOKUP(C99,Master!C:C,Master!B:B) -> 2109
A100: 1033311 | C100: ST EG OL BUARAN JAKARTA | D100: 91.13 | E100: DKI 02 | F100: ST | G100: Jakarta Timur | H100: REG 01 | I100: 4.55 | J100: =_xlfn.XLOOKUP(C100,Master!C:C,Master!B:B) -> 2022
A101: 1033288 | C101: ST EG PATTIMURA KDRG | D101: 92.67 | E101: JATIM 03 | F101: ST | G101: Kediri | H101: REG 04 | I101: 4.65 | J101: =_xlfn.XLOOKUP(C101,Master!C:C,Master!B:B) -> 2023
A102: 1033331 | C102: ST EG OL GRESIK | D102: 87.61 | E102: JATIM 03 | F102: ST | G102: Gresik | H102: REG 04 | I102: 4.4 | J102: =_xlfn.XLOOKUP(C102,Master!C:C,Master!B:B) -> 2049
A103: 1033332 | C103: ST EG BEKASI UTARA | D103: 85.01 | E103: DKI 02 | F103: ST | G103: Bekasi | H103: REG 01 | I103: 4.25 | J103: =_xlfn.XLOOKUP(C103,Master!C:C,Master!B:B) -> 7028
A104: 1033348 | C104: SH EG GRAGE CIREBON | D104: 92.55 | E104: JABAR 03 | F104: SH | G104: Cirebon | H104: REG 02 | I104: 4.65 | J104: =_xlfn.XLOOKUP(C104,Master!C:C,Master!B:B) -> 5017
A105: 1033380 | C105: SH EG TP II SURABAYA | D105: 92.36 | E105: JATIM 01 | F105: SH | G105: Surabaya | H105: REG 04 | I105: 4.6 | J105: =_xlfn.XLOOKUP(C105,Master!C:C,Master!B:B) -> 5064
A106: 1033212 | C106: ST EG SURABAYA BARAT | D106: 88.37 | E106: JATIM 01 | F106: ST | G106: Surabaya | H106: REG 04 | I106: 4.4 | J106: =_xlfn.XLOOKUP(C106,Master!C:C,Master!B:B) -> 2219
... A143: 1033922 | C143: ST EG OL MANYAR SURABAYA | D143: 76.72 | E143: JATIM 01 | F143: ST | G143: Surabaya | H143: REG 03 | I143: 3.85 | J143: =_xlfn.XLOOKUP(C143,Master!C:C,Master!B:B) -> #N/A
A144: 1033928 | C144: ST EG MOJOKERTO | D144: 80.28 | E144: JATIM 03 | F144: ST | G144: Mojokerto | H144: REG 04 | I144: 4 | J144: =_xlfn.XLOOKUP(C144,Master!C:C,Master!B:B) -> 2044
A145: 1033937 | C145: ST EG MOJOSARI | D145: 69.80 | E145: JATIM 03 | F145: ST | G145: Mojokerto | H145: REG 04 | I145: 3.5 | J145: =_xlfn.XLOOKUP(C145,Master!C:C,Master!B:B) -> 2348
A146: 1033944 | C146: ST EG MARTADINATA MANADO | D146: 72.36 | E146: IBT 04 | F146: ST | G146: Manado | H146: REG 05 | I146: 3.6 | J146: =_xlfn.XLOOKUP(C146,Master!C:C,Master!B:B) -> 7037
A147: 1033933 | C147: ST EG OL CIPUTAT JAKARTA | D147: 80.26 | E147: DKI 03 | F147: ST | G147: Tangerang Selatan | H147: REG 01 | I147: 4 | J147: =_xlfn.XLOOKUP(C147,Master!C:C,Master!B:B) -> 2065
A148: 1033925 | C148: ST EG MARPOYAN PEKANBARU | D148: 86.97 | E148: SUM 02 | F148: ST | G148: Pekanbaru | H148: REG 03 | I148: 4.35 | J148: =_xlfn.XLOOKUP(C148,Master!C:C,Master!B:B) -> 7041
A149: 1033958 | C149: ST EG GENTENG BANYUWANGI | D149: 78.70 | E149: JATIM 02 | F149: ST | G149: Banyuwangi | H149: REG 04 | I149: 3.95 | J149: =_xlfn.XLOOKUP(C149,Master!C:C,Master!B:B) -> 2215
A150: 1033881 | C150: ST EG MASJID JAMIK PANGKAL PINANG | D150: 89.42 | E150: SUM 01 | F150: ST | G150: Pangkal Pinang | H150: REG 02 | I150: 4.45 | J150: =_xlfn.XLOOKUP(C150,Master!C:C,Master!B:B) -> 2267
A151: 1033967 | C151: SH EG MALL OLYMPIC GARDEN MALANG | D151: 81.32 | E151: JATIM 02 | F151: SH | G151: Malang | H151: REG 04 | I151: 4.05 | J151: =_xlfn.XLOOKUP(C151,Master!C:C,Master!B:B) -> 5042
A152: 1033989 | C152: ST EG SUKAMTO PALEMBANG | D152: 94.42 | E152: SUM 01 | F152: ST | G152: Palembang | H152: REG 02 | I152: 4.7 | J152: =_xlfn.XLOOKUP(C152,Master!C:C,Master!B:B) -> #N/A
A153: 1034057 | C153: ST EG PANAM PEKANBARU | D153: 90.01 | E153: SUM 02 | F153: ST | G153: Pekanbaru | H153: REG 03 | I153: 4.5 | J153: =_xlfn.XLOOKUP(C153,Master!C:C,Master!B:B) -> 7024
A154: 1034048 | C154: ST EG PADANG | D154: 70.38 | E154: SUM 02 | F154: ST | G154: Padang | H154: REG 03 | I154: 3.5 | J154: =_xlfn.XLOOKUP(C154,Master!C:C,Master!B:B) -> 2057
A155: 1034102 | C155: ST EG PASAR MINGGU | D155: 91.59 | E155: DKI 01 | F155: ST | G155: Jakarta Selatan | H155: REG 01 | I155: 4.6 | J155: =_xlfn.XLOOKUP(C155,Master!C:C,Master!B:B) -> 2339
A156: 1033924 | C156: SH EG MALL SKA PEKANBARU | D156: 83.20 | E156: SUM 02 | F156: SH | G156: Pekanbaru | H156: REG 03 | I156: 4.15 | J156: =_xlfn.XLOOKUP(C156,Master!C:C,Master!B:B) -> 5052
A157: 1033685 | C157: ST EG OL SUMATERA BANDUNG | D157: 75.96 | E157: JABAR 02 | F157: ST | G157: Bandung | H157: REG 02 | I157: 3.8 | J157: =_xlfn.XLOOKUP(C157,Master!C:C,Master!B:B) -> 2002
A158: 1034109 | C158: ST EG JATIBARANG | D158: 93.97 | E158: JABAR 03 | F158: ST | G158: Kabupaten Indramayu | H158: REG 02 | I158: 4.7 | J158: =_xlfn.XLOOKUP(C158,Master!C:C,Master!B:B) -> 2200
A159: 1034191 | C159: ST EG PELAJAR PEJUANG BANDUNG | D159: 77.69 | E159: JABAR 02 | F159: ST | G159: Bandung | H159: REG 02 | I159: 3.9 | J159: =_xlfn.XLOOKUP(C159,Master!C:C,Master!B:B) -> 2003
... A171: 1034489 | C171: ST EG BLITAR | D171: 96.05 | E171: JATIM 02 | F171: ST | G171: Blitar | H171: REG 04 | I171: 4.8 | J171: =_xlfn.XLOOKUP(C171,Master!C:C,Master!B:B) -> 2150
A172: 1034344 | C172: ST EG PURWOREJO | D172: 80.42 | E172: JATENG 01 | F172: ST | G172: Kabupaten Purworejo | H172: REG 03 | I172: 4 | J172: =_xlfn.XLOOKUP(C172,Master!C:C,Master!B:B) -> 7017
A173: 1034504 | C173: ST EG PEMALANG | D173: 92.27 | E173: JATENG 02 | F173: ST | G173: Kabupaten Pemalang | H173: REG 03 | I173: 4.6 | J173: =_xlfn.XLOOKUP(C173,Master!C:C,Master!B:B) -> 7018
A174: 1033875 | C174: SH EG TANGERANG CITY | D174: 80.57 | E174: DKI 03 | F174: SH | G174: Tangerang | H174: REG 01 | I174: 4.05 | J174: =_xlfn.XLOOKUP(C174,Master!C:C,Master!B:B) -> 5074
A175: 1034604 | C175: ST EG DAYA MAKASSAR | D175: 90.39 | E175: IBT 02 | F175: ST | G175: Makassar | H175: REG 05 | I175: 4.5 | J175: =_xlfn.XLOOKUP(C175,Master!C:C,Master!B:B) -> 7042
A176: 1034589 | C176: ST EG LAMONGAN | D176: 81.84 | E176: JATIM 01 | F176: ST | G176: Lamongan | H176: REG 03 | I176: 4.1 | J176: =_xlfn.XLOOKUP(C176,Master!C:C,Master!B:B) -> 7020
A177: 1034679 | C177: ST EG SUDIRMAN LUWUK | D177: 84.64 | E177: IBT 02 | F177: ST | G177: Banggai | H177: REG 05 | I177: 4.25 | J177: =_xlfn.XLOOKUP(C177,Master!C:C,Master!B:B) -> 2218
A178: 1034694 | C178: ST EG LETJ SUPRATO TEBING TINGGI | D178: 83.65 | E178: SUM 03 | F178: ST | G178: Tebing Tinggi | H178: REG 03 | I178: 4.2 | J178: =_xlfn.XLOOKUP(C178,Master!C:C,Master!B:B) -> 2241
A179: 1034698 | C179: ST EG BALIGE | D179: 89.03 | E179: SUM 03 | F179: ST | G179: Medan | H179: REG 03 | I179: 4.45 | J179: =_xlfn.XLOOKUP(C179,Master!C:C,Master!B:B) -> 2351
A180: 1034926 | C180: ST EG OL JATINANGOR | D180: 78.14 | E180: JABAR 03 | F180: ST | G180: Kabupaten Sumedang | H180: REG 02 | I180: 3.9 | J180: =_xlfn.XLOOKUP(C180,Master!C:C,Master!B:B) -> 2068
A181: 1034768 | C181: ST EG UJUNG BERUNG BANDUNG | D181: 81.73 | E181: JABAR 02 | F181: ST | G181: Bandung | H181: REG 02 | I181: 4.1 | J181: =_xlfn.XLOOKUP(C181,Master!C:C,Master!B:B) -> 2007
A182: 1034707 | C182: ST EG MARELAN MEDAN | D182: 83.52 | E182: SUM 03 | F182: ST | G182: Medan | H182: REG 03 | I182: 4.2 | J182: =_xlfn.XLOOKUP(C182,Master!C:C,Master!B:B) -> 2123
A183: 1034729 | C183: SH EG BLOK M | D183: 92.84 | E183: DKI 01 | F183: SH | G183: Jakarta Selatan | H183: REG 01 | I183: 4.65 | J183: =_xlfn.XLOOKUP(C183,Master!C:C,Master!B:B) -> 5164
A184: 1034738 | C184: SH EG CITRALAND JAKARTA | D184: 83.34 | E184: DKI 01 | F184: SH | G184: Jakarta Barat | H184: REG 01 | I184: 4.15 | J184: =_xlfn.XLOOKUP(C184,Master!C:C,Master!B:B) -> 5163
... A196: 1034819 | C196: ST EG BIREUEN ACEH | D196: 87.38 | E196: SUM 03 | F196: ST | G196: Bireuen | H196: REG 03 | I196: 4.35 | J196: =_xlfn.XLOOKUP(C196,Master!C:C,Master!B:B) -> 2279
A197: 1034882 | C197: ST EG LUMAJANG | D197: 80.30 | E197: JATIM 02 | F197: ST | G197: Lumajang | H197: REG 04 | I197: 4 | J197: =_xlfn.XLOOKUP(C197,Master!C:C,Master!B:B) -> 7007
A198: 1034834 | C198: ST EG STABAT | D198: 94.19 | E198: SUM 03 | F198: ST | G198: Langkat | H198: REG 03 | I198: 4.7 | J198: =_xlfn.XLOOKUP(C198,Master!C:C,Master!B:B) -> 2364
A199: 1034841 | C199: ST EG PURWOKERTO | D199: 83.31 | E199: JATENG 02 | F199: ST | G199: Kabupaten Banyumas | H199: REG 03 | I199: 4.15 | J199: =_xlfn.XLOOKUP(C199,Master!C:C,Master!B:B) -> 2117
A200: 1034832 | C200: ST EG COKROAMINOTO KISARAN | D200: 84.38 | E200: SUM 03 | F200: ST | G200: Kab. Asahan | H200: REG 03 | I200: 4.2 | J200: =_xlfn.XLOOKUP(C200,Master!C:C,Master!B:B) -> 2196
...

Sheet Wave 2 2024
A1: Review number | B1: Survey report | C1: Short branch name | D1: Result | E1: Branch Area | F1: Jenis Toko | G1: Kota | H1: Regional | I1: (760869) KPI | J1: Site Code
A2: 1014163 | C2: ST EG PADJ BOGOR | D2: 87.41 | E2: DKI 04 | F2: ST | G2: Bogor | H2: REG 01 | I2: 4.35 | J2: =_xlfn.XLOOKUP(C2,Master!C:C,Master!B:B) -> 2008
A3: 1013148 | C3: ST EG KARANG TENGAH JAKBAR | D3: 94.42 | E3: DKI 03 | F3: ST | G3: Tangerang | H3: REG 01 | I3: 4.7 | J3: =_xlfn.XLOOKUP(C3,Master!C:C,Master!B:B) -> #N/A
A4: 1012802 | C4: ST EG TEUKU UMAR BALI | D4: 85.79 | E4: IBT 03 | F4: ST | G4: Denpasar | H4: REG 05 | I4: 4.3 | J4: =_xlfn.XLOOKUP(C4,Master!C:C,Master!B:B) -> 2016
A5: 1012973 | C5: ST EG GATSU BALI | D5: 80.70 | E5: IBT 03 | F5: ST | G5: Denpasar | H5: REG 05 | I5: 4.05 | J5: =_xlfn.XLOOKUP(C5,Master!C:C,Master!B:B) -> 2121
A6: 1015480 | C6: ST EG CIKUPA TANGERANG | D6: 85.80 | E6: DKI 03 | F6: ST | G6: Tangerang | H6: REG 01 | I6: 4.3 | J6: =_xlfn.XLOOKUP(C6,Master!C:C,Master!B:B) -> #N/A
A7: 1013049 | C7: ST EG OL MALANG | D7: 88.63 | E7: JATIM 02 | F7: ST | G7: Malang | H7: REG 04 | I7: 4.45 | J7: =_xlfn.XLOOKUP(C7,Master!C:C,Master!B:B) -> 2029
A8: 1013301 | C8: ST EG NGALIYAN SEMARANG | D8: 79.74 | E8: JATENG 02 | F8: ST | G8: Semarang | H8: REG 03 | I8: 4 | J8: =_xlfn.XLOOKUP(C8,Master!C:C,Master!B:B) -> 2224
A9: 1013776 | C9: ST EG PASAR MINGGU | D9: 78.08 | E9: DKI 01 | F9: ST | G9: Jakarta Selatan | H9: REG 01 | I9: 3.9 | J9: =_xlfn.XLOOKUP(C9,Master!C:C,Master!B:B) -> 2339
A10: 1013209 | C10: SH EG MALL SKA PEKANBARU | D10: 87.32 | E10: SUM 02 | F10: SH | G10: Pekanbaru | H10: REG 03 | I10: 4.35 | J10: =_xlfn.XLOOKUP(C10,Master!C:C,Master!B:B) -> 5052
A11: 1014465 | C11: ST EG CIBARUSAH | D11: 76.94 | E11: DKI 02 | F11: ST | G11: Bekasi | H11: REG 01 | I11: 3.85 | J11: =_xlfn.XLOOKUP(C11,Master!C:C,Master!B:B) -> 2172
A12: 1013766 | C12: ST EG KEMANG | D12: 74.05 | E12: DKI 01 | F12: ST | G12: Jakarta Selatan | H12: REG 01 | I12: 3.7 | J12: =_xlfn.XLOOKUP(C12,Master!C:C,Master!B:B) -> 2212
A13: 1013719 | C13: ST EG TULUNG AGUNG | D13: 69.63 | E13: JATIM 02 | F13: ST | G13: Tulungagung | H13: REG 04 | I13: 3.5 | J13: =_xlfn.XLOOKUP(C13,Master!C:C,Master!B:B) -> 2099
A14: 1014335 | C14: ST EG NGAWI | D14: 86.52 | E14: JATIM 03 | F14: ST | G14: Ngawi | H14: REG 04 | I14: 4.35 | J14: =_xlfn.XLOOKUP(C14,Master!C:C,Master!B:B) -> 2208
A15: 1013440 | C15: ST EG CANGGU BALI | D15: 82.61 | E15: IBT 03 | F15: ST | G15: Canggu | H15: REG 05 | I15: 4.15 | J15: =_xlfn.XLOOKUP(C15,Master!C:C,Master!B:B) -> 2332
A16: 1014011 | C16: ST EG SOLO BARU | D16: 76.60 | E16: JATENG 01 | F16: ST | G16: Kabupaten Sukoharjo | H16: REG 03 | I16: 3.85 | J16: =_xlfn.XLOOKUP(C16,Master!C:C,Master!B:B) -> 7014
A17: 1013401 | C17: SH EG MALL OLYMPIC GARDEN MALANG | D17: 77.00 | E17: JATIM 02 | F17: SH | G17: Malang | H17: REG 04 | I17: 3.85 | J17: =_xlfn.XLOOKUP(C17,Master!C:C,Master!B:B) -> 5042
A18: 1014125 | C18: ST EG PLUIT MUARA KARANG | D18: 96.88 | E18: DKI 01 | F18: ST | G18: Jakarta Utara | H18: REG 01 | I18: 4.85 | J18: =_xlfn.XLOOKUP(C18,Master!C:C,Master!B:B) -> 2337
A19: 1013398 | C19: ST EG MARPOYAN PEKANBARU | D19: 90.76 | E19: SUM 02 | F19: ST | G19: Pekanbaru | H19: REG 03 | I19: 4.55 | J19: =_xlfn.XLOOKUP(C19,Master!C:C,Master!B:B) -> 7041
A20: 1013450 | C20: ST EG KEPANJEN MALANG | D20: 98.19 | E20: JATIM 02 | F20: ST | G20: Malang | H20: REG 04 | I20: 4.9 | J20: =_xlfn.XLOOKUP(C20,Master!C:C,Master!B:B) -> 7008
... A54: 1013845 | C54: ST EG MARTADINATA MANADO | D54: 64.76 | E54: IBT 04 | F54: ST | G54: Manado | H54: REG 05 | I54: 3.25 | J54: =_xlfn.XLOOKUP(C54,Master!C:C,Master!B:B) -> 7037
A55: 1014004 | C55: ST EG BIREUEN ACEH | D55: 80.23 | E55: SUM 03 | F55: ST | G55: Bireuen | H55: REG 03 | I55: 4 | J55: =_xlfn.XLOOKUP(C55,Master!C:C,Master!B:B) -> 2279
A56: 1015977 | C56: ST EG SILIWANGI CIREBON | D56: 91.74 | E56: JABAR 03 | F56: ST | G56: Cirebon | H56: REG 02 | I56: 4.6 | J56: =_xlfn.XLOOKUP(C56,Master!C:C,Master!B:B) -> 2313
A57: 1013826 | C57: ST EG SUDIRMAN LUWUK | D57: 77.76 | E57: IBT 02 | F57: ST | G57: Banggai | H57: REG 05 | I57: 3.9 | J57: =_xlfn.XLOOKUP(C57,Master!C:C,Master!B:B) -> 2218
A58: 1013848 | C58: ST EG OL CIHAMPELAS BANDUNG | D58: 83.60 | E58: JABAR 01 | F58: ST | G58: Bandung | H58: REG 02 | I58: 4.2 | J58: =_xlfn.XLOOKUP(C58,Master!C:C,Master!B:B) -> 2004
A59: 1013858 | C59: ST EG OL CIPUTAT JAKARTA | D59: 75.79 | E59: DKI 03 | F59: ST | G59: Tangerang Selatan | H59: REG 01 | I59: 3.8 | J59: =_xlfn.XLOOKUP(C59,Master!C:C,Master!B:B) -> 2065
A60: 1013958 | C60: ST EG OL PALEMBANG | D60: 73.88 | E60: SUM 01 | F60: ST | G60: Palembang | H60: REG 02 | I60: 3.7 | J60: =_xlfn.XLOOKUP(C60,Master!C:C,Master!B:B) -> 2079
A61: 1013991 | C61: ST EG SLAMET RIYADI SAMARINDA | D61: 80.51 | E61: IBT 01 | F61: ST | G61: Samarinda | H61: REG 05 | I61: 4.05 | J61: =_xlfn.XLOOKUP(C61,Master!C:C,Master!B:B) -> 7023
A62: 1014015 | C62: ST EG OL SEMARANG | D62: 76.37 | E62: JATENG 02 | F62: ST | G62: Semarang | H62: REG 03 | I62: 3.8 | J62: =_xlfn.XLOOKUP(C62,Master!C:C,Master!B:B) -> 2032
A63: 1014026 | C63: ST EG OL KEMANGGISAN JAKARTA | D63: 89.96 | E63: DKI 01 | F63: ST | G63: Jakarta Barat | H63: REG 01 | I63: 4.5 | J63: =_xlfn.XLOOKUP(C63,Master!C:C,Master!B:B) -> 2135
A64: 1014018 | C64: ST EG DELISERDANG | D64: 96.63 | E64: SUM 03 | F64: ST | G64: Deli Serdang | H64: REG 03 | I64: 4.85 | J64: =_xlfn.XLOOKUP(C64,Master!C:C,Master!B:B) -> 7038
A65: 1014070 | C65: ST EG OL JATIBENING | D65: 81.64 | E65: DKI 02 | F65: ST | G65: Bekasi | H65: REG 01 | I65: 4.1 | J65: =_xlfn.XLOOKUP(C65,Master!C:C,Master!B:B) -> 2188
A66: 1014376 | C66: ST EG PENGAYOMAN MAKASAR | D66: 80.09 | E66: IBT 02 | F66: ST | G66: Makassar | H66: REG 05 | I66: 4 | J66: =_xlfn.XLOOKUP(C66,Master!C:C,Master!B:B) -> 2125
A67: 1014111 | C67: ST EG GRAND DEPOK CITY | D67: 80.13 | E67: DKI 04 | F67: ST | G67: Depok | H67: REG 01 | I67: 4 | J67: =_xlfn.XLOOKUP(C67,Master!C:C,Master!B:B) -> 2393
A68: 1014120 | C68: ST EG CITEUREUP BOGOR | D68: 95.12 | E68: DKI 04 | F68: ST | G68: Bogor | H68: REG 01 | I68: 4.75 | J68: =_xlfn.XLOOKUP(C68,Master!C:C,Master!B:B) -> 2240
A69: 1014062 | C69: ST EG CIPONDOH TANGERANG | D69: 84.70 | E69: DKI 03 | F69: ST | G69: Tangerang | H69: REG 01 | I69: 4.25 | J69: =_xlfn.XLOOKUP(C69,Master!C:C,Master!B:B) -> 2236
A70: 1014094 | C70: ST EG SUKAMTO PALEMBANG | D70: 82.40 | E70: SUM 01 | F70: ST | G70: Palembang | H70: REG 02 | I70: 4.1 | J70: =_xlfn.XLOOKUP(C70,Master!C:C,Master!B:B) -> #N/A
A71: 1014122 | C71: ST EG PATI | D71: 84.72 | E71: JATENG 02 | F71: ST | G71: Kabupaten Pati | H71: REG 03 | I71: 4.25 | J71: =_xlfn.XLOOKUP(C71,Master!C:C,Master!B:B) -> 7033
A72: 1014298 | C72: ST EG OL SLAMET RIYADI SOLO | D72: 69.57 | E72: JATENG 01 | F72: ST | G72: Surakarta | H72: REG 03 | I72: 3.5 | J72: =_xlfn.XLOOKUP(C72,Master!C:C,Master!B:B) -> 2053
A73: 1014332 | C73: ST EG FS BABARSARI YOGYAKARTA | D73: 68.93 | E73: JATENG 01 | F73: ST | G73: Yogyakarta | H73: REG 01 | I73: 3.45 | J73: =_xlfn.XLOOKUP(C73,Master!C:C,Master!B:B) -> 2040
A74: 1014305 | C74: ST EG OL BOGOR | D74: 88.97 | E74: DKI 04 | F74: ST | G74: Bogor | H74: REG 01 | I74: 4.45 | J74: =_xlfn.XLOOKUP(C74,Master!C:C,Master!B:B) -> 2013
A75: 1015101 | C75: ST EG TALANGBANJAR JAMBI | D75: 90.91 | E75: SUM 01 | F75: ST | G75: Jambi | H75: REG 02 | I75: 4.55 | J75: =_xlfn.XLOOKUP(C75,Master!C:C,Master!B:B) -> #N/A
A76: 1015943 | C76: ST EG TABANAN BALI | D76: 83.26 | E76: IBT 03 | F76: ST | G76: Tabanan | H76: REG 05 | I76: 4.15 | J76: =_xlfn.XLOOKUP(C76,Master!C:C,Master!B:B) -> 2159
A77: 1014446 | C77: ST EG TAMAN SISWA YOGYAKARTA | D77: 86.38 | E77: JATENG 01 | F77: ST | G77: Yogyakarta | H77: REG 03 | I77: 4.3 | J77: =_xlfn.XLOOKUP(C77,Master!C:C,Master!B:B) -> 2118
A78: 1014551 | C78: SH AEON MALL SENTUL | D78: 86.63 | E78: DKI 04 | F78: SH | G78: Bogor | H78: REG 01 | I78: 4.35 | J78: =_xlfn.XLOOKUP(C78,Master!C:C,Master!B:B) -> 5159
A79: 1014410 | C79: ST EG BEKASI TIMUR | D79: 92.62 | E79: DKI 02 | F79: ST | G79: Bekasi | H79: REG 01 | I79: 4.65 | J79: =_xlfn.XLOOKUP(C79,Master!C:C,Master!B:B) -> 2043
... A91: 1014633 | C91: ST EG OL ANDI DJEMMA MAKASAR | D91: 77.45 | E91: IBT 02 | F91: ST | G91: Makassar | H91: REG 05 | I91: 3.85 | J91: =_xlfn.XLOOKUP(C91,Master!C:C,Master!B:B) -> 2266
A92: 1015426 | C92: ST EG OL DEPOK | D92: 79.91 | E92: DKI 04 | F92: ST | G92: Depok | H92: REG 01 | I92: 4 | J92: =_xlfn.XLOOKUP(C92,Master!C:C,Master!B:B) -> 2019
A93: 1014689 | C93: ST EG OL ISKANDAR PALEMBANG | D93: 75.63 | E93: SUM 01 | F93: ST | G93: Palembang | H93: REG 02 | I93: 3.8 | J93: =_xlfn.XLOOKUP(C93,Master!C:C,Master!B:B) -> 2129
A94: 1014693 | C94: ST EG KARANGANYAR | D94: 81.75 | E94: JATENG 01 | F94: ST | G94: Karanganyar | H94: REG 03 | I94: 4.1 | J94: =_xlfn.XLOOKUP(C94,Master!C:C,Master!B:B) -> 2306
A95: 1014681 | C95: ST EG ANTAPANI BANDUNG | D95: 80.53 | E95: JABAR 01 | F95: ST | G95: Bandung | H95: REG 02 | I95: 4.05 | J95: =_xlfn.XLOOKUP(C95,Master!C:C,Master!B:B) -> #N/A
A96: 1014708 | C96: SH EG MEDAN FAIR | D96: 85.03 | E96: SUM 03 | F96: SH | G96: Medan | H96: REG 03 | I96: 4.25 | J96: =_xlfn.XLOOKUP(C96,Master!C:C,Master!B:B) -> 5045
A97: 1014724 | C97: ST EG KLATEN | D97: 78.44 | E97: JATENG 01 | F97: ST | G97: Klaten | H97: REG 03 | I97: 3.9 | J97: =_xlfn.XLOOKUP(C97,Master!C:C,Master!B:B) -> 7005
A98: 1014740 | C98: ST EG PANAM PEKANBARU | D98: 74.91 | E98: SUM 02 | F98: ST | G98: Pekanbaru | H98: REG 03 | I98: 3.75 | J98: =_xlfn.XLOOKUP(C98,Master!C:C,Master!B:B) -> 7024
A99: 1015076 | C99: ST EG KBP BANDUNG | D99: 94.64 | E99: JABAR 04 | F99: ST | G99: Padalarang | H99: REG 02 | I99: 4.75 | J99: =_xlfn.XLOOKUP(C99,Master!C:C,Master!B:B) -> 2304
A100: 1015102 | C100: ST EG TEHOK JAMBI | D100: 74.80 | E100: SUM 02 | F100: ST | G100: Jambi | H100: REG 03 | I100: 3.75 | J100: =_xlfn.XLOOKUP(C100,Master!C:C,Master!B:B) -> 2325
A101: 1014715 | C101: ST EG LHOKSEUMAWE | D101: 97.85 | E101: SUM 03 | F101: ST | G101: Lhokseumawe | H101: REG 03 | I101: 4.9 | J101: =_xlfn.XLOOKUP(C101,Master!C:C,Master!B:B) -> 2326
A102: 1016734 | C102: SH EG PALEMBANG SQUARE | D102: 73.63 | E102: SUM 01 | F102: SH | G102: Palembang | H102: REG 02 | I102: 3.7 | J102: =_xlfn.XLOOKUP(C102,Master!C:C,Master!B:B) -> 5048
A103: 1015311 | C103: ST EG MOJOSARI | D103: 90.31 | E103: JATIM 03 | F103: ST | G103: Mojokerto | H103: REG 04 | I103: 4.5 | J103: =_xlfn.XLOOKUP(C103,Master!C:C,Master!B:B) -> 2348
A104: 1015644 | C104: ST EG SUMBAWA | D104: 68.13 | E104: IBT 03 | F104: ST | G104: Kabupaten Sumbawa | H104: REG 05 | I104: 3.4 | J104: =_xlfn.XLOOKUP(C104,Master!C:C,Master!B:B) -> 2355
... A125: 1015510 | C125: ST EG RANTAU PRAPAT | D125: 89.98 | E125: SUM 03 | F125: ST | G125: Rantau Prapat | H125: REG 03 | I125: 4.5 | J125: =_xlfn.XLOOKUP(C125,Master!C:C,Master!B:B) -> 2245
A126: 1015447 | C126: ST EG HASANUDDIN GOWA | D126: 79.77 | E126: IBT 02 | F126: ST | G126: Gowa | H126: REG 03 | I126: 4 | J126: =_xlfn.XLOOKUP(C126,Master!C:C,Master!B:B) -> 2234
A127: 1015080 | C127: ST EG MUARA ENIM | D127: 84.54 | E127: SUM 01 | F127: ST | G127: Muara Enim | H127: REG 02 | I127: 4.25 | J127: =_xlfn.XLOOKUP(C127,Master!C:C,Master!B:B) -> 2291
A128: 1015449 | C128: ST EG SERANG TIMUR | D128: 71.34 | E128: DKI 03 | F128: ST | G128: Serang | H128: REG 01 | I128: 3.55 | J128: =_xlfn.XLOOKUP(C128,Master!C:C,Master!B:B) -> #N/A
A129: 1015461 | C129: ST EG GEJAYAN YOGYAKARTA | D129: 85.79 | E129: JATENG 01 | F129: ST | G129: Kabupaten Sleman | H129: REG 01 | I129: 4.3 | J129: =_xlfn.XLOOKUP(C129,Master!C:C,Master!B:B) -> #N/A
A130: 1015483 | C130: ST EG OL CILEDUG JAKARTA | D130: 75.28 | E130: DKI 03 | F130: ST | G130: Tangerang | H130: REG 01 | I130: 3.75 | J130: =_xlfn.XLOOKUP(C130,Master!C:C,Master!B:B) -> 2116
A131: 1014731 | C131: ST EG JEMBER | D131: 90.79 | E131: JATIM 02 | F131: ST | G131: Jember | H131: REG 04 | I131: 4.55 | J131: =_xlfn.XLOOKUP(C131,Master!C:C,Master!B:B) -> 2069
A132: 1015489 | C132: ST EG KERTABUMI KARAWANG | D132: 90.01 | E132: JABAR 04 | F132: ST | G132: Karawang | H132: REG 02 | I132: 4.5 | J132: =_xlfn.XLOOKUP(C132,Master!C:C,Master!B:B) -> 7025
A133: 1015612 | C133: ST EG PANDEGLANG | D133: 83.70 | E133: DKI 03 | F133: ST | G133: Pandeglang | H133: REG 01 | I133: 4.2 | J133: =_xlfn.XLOOKUP(C133,Master!C:C,Master!B:B) -> 2176
A134: 1015534 | C134: ST EG OL KENDARI | D134: 69.54 | E134: IBT 02 | F134: ST | G134: Kendari | H134: REG 05 | I134: 3.5 | J134: =_xlfn.XLOOKUP(C134,Master!C:C,Master!B:B) -> 2083
A135: 1015544 | C135: ST EG BANDA ACEH | D135: 84.30 | E135: SUM 03 | F135: ST | G135: Banda Aceh | H135: REG 03 | I135: 4.2 | J135: =_xlfn.XLOOKUP(C135,Master!C:C,Master!B:B) -> 7040
A136: 1015569 | C136: ST EG TIMIKA PAPUA | D136: 92.47 | E136: IBT 04 | F136: ST | G136: Timika | H136: REG 05 | I136: 4.6 | J136: =_xlfn.XLOOKUP(C136,Master!C:C,Master!B:B) -> 2329
A137: 1015571 | C137: ST EG BANTUL | D137: 90.35 | E137: JATENG 01 | F137: ST | G137: Kabupaten Bantul | H137: REG 03 | I137: 4.5 | J137: =_xlfn.XLOOKUP(C137,Master!C:C,Master!B:B) -> 2278
A138: 1015617 | C138: ST EG OL JATINANGOR | D138: 91.42 | E138: JABAR 03 | F138: ST | G138: Kabupaten Sumedang | H138: REG 02 | I138: 4.55 | J138: =_xlfn.XLOOKUP(C138,Master!C:C,Master!B:B) -> 2068
A139: 1015673 | C139: ST EG PURWOREJO | D139: 79.95 | E139: JATENG 01 | F139: ST | G139: Kabupaten Purworejo | H139: REG 03 | I139: 4 | J139: =_xlfn.XLOOKUP(C139,Master!C:C,Master!B:B) -> 7017
A140: 1015668 | C140: ST EG GORONTALO | D140: 94.20 | E140: IBT 04 | F140: ST | G140: Gorontalo | H140: REG 05 | I140: 4.7 | J140: =_xlfn.XLOOKUP(C140,Master!C:C,Master!B:B) -> 2345
A141: 1015685 | C141: SH EG Q MALL BANJAR BARU | D141: 81.10 | E141: IBT 01 | F141: SH | G141: Banjarbaru | H141: REG 05 | I141: 4.05 | J141: =_xlfn.XLOOKUP(C141,Master!C:C,Master!B:B) -> 5112
A142: 1015686 | C142: ST EG SIPIN JAMBI | D142: 90.73 | E142: SUM 02 | F142: ST | G142: Jambi | H142: REG 03 | I142: 4.55 | J142: =_xlfn.XLOOKUP(C142,Master!C:C,Master!B:B) -> 2321
A143: 1016021 | C143: ST EG TEGAL | D143: 74.66 | E143: JATENG 02 | F143: ST | G143: Tegal | H143: REG 03 | I143: 3.75 | J143: =_xlfn.XLOOKUP(C143,Master!C:C,Master!B:B) -> 7015
A144: 1015910 | C144: ST EG PAMULANG TANGSEL | D144: 67.59 | E144: DKI 03 | F144: ST | G144: Tangerang Selatan | H144: REG 01 | I144: 3.4 | J144: =_xlfn.XLOOKUP(C144,Master!C:C,Master!B:B) -> 2204
A145: 1015680 | C145: ST EG STABAT | D145: 70.60 | E145: SUM 03 | F145: ST | G145: Langkat | H145: REG 03 | I145: 3.55 | J145: =_xlfn.XLOOKUP(C145,Master!C:C,Master!B:B) -> 2364
A146: 1015706 | C146: ST EG MASJID JAMIK PANGKAL PINANG | D146: 72.79 | E146: SUM 01 | F146: ST | G146: Pangkal Pinang | H146: REG 02 | I146: 3.65 | J146: =_xlfn.XLOOKUP(C146,Master!C:C,Master!B:B) -> 2267
A147: 1015696 | C147: ST EG OL MEDAN | D147: 83.30 | E147: SUM 03 | F147: ST | G147: Medan | H147: REG 03 | I147: 4.15 | J147: =_xlfn.XLOOKUP(C147,Master!C:C,Master!B:B) -> 2056
A148: 1015764 | C148: ST EG CIMAHI UTARA | D148: 97.38 | E148: JABAR 04 | F148: ST | G148: Cimahi | H148: REG 02 | I148: 4.85 | J148: =_xlfn.XLOOKUP(C148,Master!C:C,Master!B:B) -> 7032
A149: 1015739 | C149: ST EG MEDAN HALAT | D149: 83.38 | E149: SUM 03 | F149: ST | G149: Medan | H149: REG 03 | I149: 4.15 | J149: =_xlfn.XLOOKUP(C149,Master!C:C,Master!B:B) -> 2320
A150: 1015761 | C150: ST EG PURWOKERTO | D150: 89.14 | E150: JATENG 02 | F150: ST | G150: Kabupaten Banyumas | H150: REG 03 | I150: 4.45 | J150: =_xlfn.XLOOKUP(C150,Master!C:C,Master!B:B) -> 2117
A151: 1015703 | C151: ST EG BANYUWANGI | D151: 90.23 | E151: JATIM 02 | F151: ST | G151: Banyuwangi | H151: REG 04 | I151: 4.5 | J151: =_xlfn.XLOOKUP(C151,Master!C:C,Master!B:B) -> 2066
... A204: 1016629 | C204: ST EG BIMA | D204: 66.23 | E204: IBT 03 | F204: ST | G204: Bima | H204: REG 05 | I204: 3.3 | J204: =_xlfn.XLOOKUP(C204,Master!C:C,Master!B:B) -> 2229
A205: 1016654 | C205: ST EG OL MADIUN | D205: 99 | E205: JATIM 03 | F205: ST | G205: Madiun | H205: REG 04 | I205: 4.95 | J205: =_xlfn.XLOOKUP(C205,Master!C:C,Master!B:B) -> 2025
A206: 1016717 | C206: ST EG BOYOLALI | D206: 88.27 | E206: JATENG 01 | F206: ST | G206: Boyolali | H206: REG 03 | I206: 4.4 | J206: =_xlfn.XLOOKUP(C206,Master!C:C,Master!B:B) -> 7016
A207: 1016751 | C207: ST EG SUMEDANG | D207: 84.08 | E207: JABAR 03 | F207: ST | G207: Kabupaten Sumedang | H207: REG 02 | I207: 4.2 | J207: =_xlfn.XLOOKUP(C207,Master!C:C,Master!B:B) -> 7010
A208: 1016743 | C208: ST EG PONOROGO | D208: 94.04 | E208: JATIM 03 | F208: ST | G208: Ponorogo | H208: REG 04 | I208: 4.7 | J208: =_xlfn.XLOOKUP(C208,Master!C:C,Master!B:B) -> 7004
A209: 1016645 | C209: ST EG ANTASARI LAMPUNG | D209: 76.23 | E209: SUM 01 | F209: ST | G209: Bandar Lampung | H209: REG 02 | I209: 3.8 | J209: =_xlfn.XLOOKUP(C209,Master!C:C,Master!B:B) -> 2225
A210: 1016757 | C210: ST EG PROBOLINGGO | D210: 62.08 | E210: JATIM 02 | F210: ST | G210: Probolinggo | H210: REG 04 | I210: 3.1 | J210: =_xlfn.XLOOKUP(C210,Master!C:C,Master!B:B) -> 2242
A211: 1016897 | C211: ST EG KARTASURA | D211: 81.45 | E211: JATENG 01 | F211: ST | G211: Kabupaten Sukoharjo | H211: REG 03 | I211: 4.05 | J211: =_xlfn.XLOOKUP(C211,Master!C:C,Master!B:B) -> 2299
A212: 1016452 | C212: ST EG PONDOK GEDE BEKASI | D212: 79.62 | E212: DKI 02 | F212: ST | G212: Bekasi | H212: REG 01 | I212: 4 | J212: =_xlfn.XLOOKUP(C212,Master!C:C,Master!B:B) -> 2203
A213: 1016938 | C213: ST EG SALEMBA JAKARTA | D213: 78.04 | E213: DKI 01 | F213: ST | G213: Jakarta Pusat | H213: REG 01 | I213: 3.9 | J213: =_xlfn.XLOOKUP(C213,Master!C:C,Master!B:B) -> 2067
A214: 1014183 | C214: ST EG JATIUWUNG TANGERANG | D214: 73.65 | E214: DKI 03 | F214: ST | G214: Tangerang | H214: REG 01 | I214: 3.7 | J214: =_xlfn.XLOOKUP(C214,Master!C:C,Master!B:B) -> #N/A
A215: 1017085 | C215: ST EG SAWANGAN LAMA DEPOK | D215: 83.78 | E215: DKI 02 | F215: ST | G215: Depok | H215: REG 01 | I215: 4.2 | J215: =_xlfn.XLOOKUP(C215,Master!C:C,Master!B:B) -> #N/A
A216: 1017046 | C216: ST EG BATANG | D216: 87.22 | E216: JATENG 02 | F216: ST | G216: Kabupaten Batang | H216: REG 01 | I216: 4.35 | J216: =_xlfn.XLOOKUP(C216,Master!C:C,Master!B:B) -> #N/A
...

Sheet Wave 1 2024
A1: Review number | B1: Survey report | C1: Short branch name | D1: Result | E1: Branch Area | F1: Jenis Toko | G1: Kota | H1: Regional | I1: KPI | J1: Site Code
A2: 992948 | C2: ST EG YUDANEGARA TASIKMALAYA | D2: 89.59 | E2: JABAR 03 | F2: ST | G2: Tasikmalaya | H2: REG 02 | I2: 4.5 | J2: =_xlfn.XLOOKUP(C2,Master!C:C,Master!B:B) -> 2301
A3: 990058 | C3: ST EG WONOSOBO | D3: 90.19 | E3: JATENG 02 | F3: ST | G3: Kabupaten Wonosobo | H3: REG 03 | I3: 4.5 | J3: =_xlfn.XLOOKUP(C3,Master!C:C,Master!B:B) -> 2113
A4: 993640 | C4: SH EG PLAZA ASIA TASIKMALAYA | D4: 88.95 | E4: JABAR 03 | F4: SH | G4: Tasikmalaya | H4: REG 02 | I4: 4.45 | J4: =_xlfn.XLOOKUP(C4,Master!C:C,Master!B:B) -> 5089
A5: 992235 | C5: ST EG BEKASI UTARA | D5: 86.86 | E5: DKI 02 | F5: ST | G5: Bekasi | H5: REG 01 | I5: 4.35 | J5: =_xlfn.XLOOKUP(C5,Master!C:C,Master!B:B) -> 7028
A6: 992458 | C6: ST EG BATANG | D6: 86.61 | E6: JATENG 02 | F6: ST | G6: Kabupaten Batang | H6: REG 01 | I6: 4.35 | J6: =_xlfn.XLOOKUP(C6,Master!C:C,Master!B:B) -> #N/A
A7: 991095 | C7: ST EG SUKOHARJO | D7: 87.37 | E7: JATENG 01 | F7: ST | G7: Sukoharjo | H7: REG 01 | I7: 4.35 | J7: =_xlfn.XLOOKUP(C7,Master!C:C,Master!B:B) -> #N/A
A8: 989936 | C8: ST EG LEMBANG | D8: 86.98 | E8: JABAR 04 | F8: ST | G8: Bandung | H8: REG 02 | I8: 4.35 | J8: =_xlfn.XLOOKUP(C8,Master!C:C,Master!B:B) -> 2305
A9: 993661 | C9: ST EG TENTARA PELAJAR TASIK | D9: 87.10 | E9: JABAR 03 | F9: ST | G9: Tasikmalaya | H9: REG 02 | I9: 4.35 | J9: =_xlfn.XLOOKUP(C9,Master!C:C,Master!B:B) -> 2168
A10: 993029 | C10: ST EG BLORA | D10: 86.54 | E10: JATENG 02 | F10: ST | G10: Kabupaten Blora | H10: REG 03 | I10: 4.35 | J10: =_xlfn.XLOOKUP(C10,Master!C:C,Master!B:B) -> 2276
A11: 992659 | C11: ST EG CITEUREUP BOGOR | D11: 85.66 | E11: DKI 04 | F11: ST | G11: Bogor | H11: REG 01 | I11: 4.3 | J11: =_xlfn.XLOOKUP(C11,Master!C:C,Master!B:B) -> 2240
A12: 992721 | C12: SH EG BIP BANDUNG | D12: 86.46 | E12: JABAR 01 | F12: SH | G12: Bandung | H12: REG 02 | I12: 4.3 | J12: =_xlfn.XLOOKUP(C12,Master!C:C,Master!B:B) -> 5000
A13: 989548 | C13: ST EG PATI | D13: 85.66 | E13: JATENG 02 | F13: ST | G13: Kabupaten Pati | H13: REG 03 | I13: 4.3 | J13: =_xlfn.XLOOKUP(C13,Master!C:C,Master!B:B) -> 7033
... A83: 990307 | C83: ST EG OL MALANG | D83: 81.13 | E83: JATIM 02 | F83: ST | G83: Malang | H83: REG 04 | I83: 4.05 | J83: =_xlfn.XLOOKUP(C83,Master!C:C,Master!B:B) -> 2029
A84: 992533 | C84: ST EG KBP BANDUNG | D84: 81 | E84: JABAR 04 | F84: ST | G84: Padalarang | H84: REG 02 | I84: 4.05 | J84: =_xlfn.XLOOKUP(C84,Master!C:C,Master!B:B) -> 2304
A85: 993070 | C85: ST EG JUANDA CIAMIS | D85: 81.34 | E85: JABAR 03 | F85: ST | G85: Kabupaten Ciamis | H85: REG 02 | I85: 4.05 | J85: =_xlfn.XLOOKUP(C85,Master!C:C,Master!B:B) -> 2220
A86: 992639 | C86: ST EG SILIWANGI CIREBON | D86: 80.07 | E86: JABAR 03 | F86: ST | G86: Cirebon | H86: REG 02 | I86: 4 | J86: =_xlfn.XLOOKUP(C86,Master!C:C,Master!B:B) -> 2313
A87: 992648 | C87: ST EG PADJ BOGOR | D87: 79.52 | E87: DKI 04 | F87: ST | G87: Bogor | H87: REG 01 | I87: 4 | J87: =_xlfn.XLOOKUP(C87,Master!C:C,Master!B:B) -> 2008
A88: 990674 | C88: ST EG BEKASI TIMUR | D88: 80.05 | E88: DKI 02 | F88: ST | G88: Bekasi | H88: REG 01 | I88: 4 | J88: =_xlfn.XLOOKUP(C88,Master!C:C,Master!B:B) -> 2043
A89: 991421 | C89: ST EG MAJAPAHIT SEMARANG | D89: 80.37 | E89: JATENG 02 | F89: ST | G89: Semarang | H89: REG 03 | I89: 4 | J89: =_xlfn.XLOOKUP(C89,Master!C:C,Master!B:B) -> 2108
A90: 989505 | C90: SH EG KOTA KASABLANCA JAKARTA | D90: 79.72 | E90: DKI 01 | F90: SH | G90: Jakarta Selatan | H90: REG 01 | I90: 4 | J90: =_xlfn.XLOOKUP(C90,Master!C:C,Master!B:B) -> 5026
A91: 991384 | C91: ST EG OL BOGOR | D91: 79.66 | E91: DKI 04 | F91: ST | G91: Bogor | H91: REG 01 | I91: 4 | J91: =_xlfn.XLOOKUP(C91,Master!C:C,Master!B:B) -> 2013
A92: 991249 | C92: ST EG TALANGBANJAR JAMBI | D92: 79.95 | E92: SUM 01 | F92: ST | G92: Jambi | H92: REG 02 | I92: 4 | J92: =_xlfn.XLOOKUP(C92,Master!C:C,Master!B:B) -> #N/A
A93: 992094 | C93: ST EG NGAWI | D93: 80.08 | E93: JATIM 03 | F93: ST | G93: Ngawi | H93: REG 04 | I93: 4 | J93: =_xlfn.XLOOKUP(C93,Master!C:C,Master!B:B) -> 2208
A94: 991048 | C94: SH EG CITRALAND SEMARANG | D94: 79.55 | E94: JATENG 02 | F94: SH | G94: Semarang | H94: REG 03 | I94: 4 | J94: =_xlfn.XLOOKUP(C94,Master!C:C,Master!B:B) -> 5056
A95: 989808 | C95: ST EG CIKARANG | D95: 79.62 | E95: DKI 02 | F95: ST | G95: Bekasi | H95: REG 01 | I95: 4 | J95: =_xlfn.XLOOKUP(C95,Master!C:C,Master!B:B) -> 2223
A96: 993129 | C96: ST EG MERUYA JAKARTA | D96: 79.76 | E96: DKI 01 | F96: ST | G96: Jakarta Barat | H96: REG 01 | I96: 4 | J96: =_xlfn.XLOOKUP(C96,Master!C:C,Master!B:B) -> 2310
A97: 991942 | C97: ST EG CINERE DEPOK | D97: 80.07 | E97: DKI 04 | F97: ST | G97: Depok | H97: REG 01 | I97: 4 | J97: =_xlfn.XLOOKUP(C97,Master!C:C,Master!B:B) -> 2187
... A100: 992084 | C100: ST EG KEBUMEN | D100: 80.32 | E100: JATENG 01 | F100: ST | G100: Kebumen | H100: REG 03 | I100: 4 | J100: =_xlfn.XLOOKUP(C100,Master!C:C,Master!B:B) -> 2152
A101: 992907 | C101: SH AEON MALL SENTUL | D101: 78.74 | E101: DKI 04 | F101: SH | G101: Bogor | H101: REG 01 | I101: 3.95 | J101: =_xlfn.XLOOKUP(C101,Master!C:C,Master!B:B) -> 5159
A102: 992007 | C102: SH EG MEDAN FAIR | D102: 79.27 | E102: SUM 03 | F102: SH | G102: Medan | H102: REG 03 | I102: 3.95 | J102: =_xlfn.XLOOKUP(C102,Master!C:C,Master!B:B) -> 5045
A103: 990955 | C103: ST EG OL CILEDUG JAKARTA | D103: 78.68 | E103: DKI 03 | F103: ST | G103: Tangerang | H103: REG 01 | I103: 3.95 | J103: =_xlfn.XLOOKUP(C103,Master!C:C,Master!B:B) -> 2116
A104: 992080 | C104: ST EG CIANJUR | D104: 79.07 | E104: JABAR 04 | F104: ST | G104: Kabupaten Cianjur | H104: REG 02 | I104: 3.95 | J104: =_xlfn.XLOOKUP(C104,Master!C:C,Master!B:B) -> 2184
A105: 991854 | C105: ST EG SANGATTA | D105: 79.09 | E105: IBT 01 | F105: ST | G105: Sangatta Utara | H105: REG 05 | I105: 3.95 | J105: =_xlfn.XLOOKUP(C105,Master!C:C,Master!B:B) -> 2263
A106: 992631 | C106: ST EG SUCI | D106: 78.92 | E106: JABAR 02 | F106: ST | G106: Bandung | H106: REG 02 | I106: 3.95 | J106: =_xlfn.XLOOKUP(C106,Master!C:C,Master!B:B) -> 2387
A107: 992592 | C107: ST EG PLAJU PALEMBANG | D107: 78.80 | E107: SUM 01 | F107: ST | G107: Palembang | H107: REG 02 | I107: 3.95 | J107: =_xlfn.XLOOKUP(C107,Master!C:C,Master!B:B) -> 2102
A108: 992579 | C108: ST EG JATI ASIH BEKASI | D108: 79.33 | E108: DKI 02 | F108: ST | G108: Bekasi | H108: REG 01 | I108: 3.95 | J108: =_xlfn.XLOOKUP(C108,Master!C:C,Master!B:B) -> 2178
A109: 992588 | C109: ST EG GRAND DEPOK CITY | D109: 78.80 | E109: DKI 04 | F109: ST | G109: Depok | H109: REG 01 | I109: 3.95 | J109: =_xlfn.XLOOKUP(C109,Master!C:C,Master!B:B) -> 2393
A110: 992908 | C110: ST EG GENTENG BANYUWANGI | D110: 78.87 | E110: JATIM 02 | F110: ST | G110: Banyuwangi | H110: REG 04 | I110: 3.95 | J110: =_xlfn.XLOOKUP(C110,Master!C:C,Master!B:B) -> 2215
A111: 993281 | C111: ST EG BAU BAU | D111: 79.47 | E111: IBT 02 | F111: ST | G111: Baubau | H111: REG 05 | I111: 3.95 | J111: =_xlfn.XLOOKUP(C111,Master!C:C,Master!B:B) -> 2243
A112: 993637 | C112: ST EG SUDIRMAN LUWUK | D112: 78.83 | E112: IBT 02 | F112: ST | G112: Banggai | H112: REG 05 | I112: 3.95 | J112: =_xlfn.XLOOKUP(C112,Master!C:C,Master!B:B) -> 2218
... A257: 990760 | C257: ST EG SUKAMTO PALEMBANG | D257: 62.40 | E257: SUM 01 | F257: ST | G257: Palembang | H257: REG 02 | I257: 3.1 | J257: =_xlfn.XLOOKUP(C257,Master!C:C,Master!B:B) -> #N/A
A258: 990950 | C258: ST EG BIMA | D258: 60.19 | E258: IBT 03 | F258: ST | G258: Bima | H258: REG 05 | I258: 3 | J258: =_xlfn.XLOOKUP(C258,Master!C:C,Master!B:B) -> 2229
A259: 991935 | C259: ST EG AHMAD YANI BALIKPAPAN | D259: 60.06 | E259: IBT 01 | F259: ST | G259: Balikpapan | H259: REG 05 | I259: 3 | J259: =_xlfn.XLOOKUP(C259,Master!C:C,Master!B:B) -> 2244
A260: 989127 | C260: ST EG CEMENGKALANG SIDOARJO | D260: 59.74 | E260: JATIM 01 | F260: ST | G260: Sidoarjo | H260: REG 04 | I260: 3 | J260: =_xlfn.XLOOKUP(C260,Master!C:C,Master!B:B) -> 2330
A261: 993146 | C261: ST EG PALOPO | D261: 59.32 | E261: IBT 02 | F261: ST | G261: Palopo | H261: REG 05 | I261: 2.95 | J261: =_xlfn.XLOOKUP(C261,Master!C:C,Master!B:B) -> 2286
A262: 989337 | C262: ST EG MAUMERE | D262: 59.45 | E262: IBT 03 | F262: ST | G262: Sikka | H262: REG 05 | I262: 2.95 | J262: =_xlfn.XLOOKUP(C262,Master!C:C,Master!B:B) -> 2322
A263: 992983 | C263: ST EG KOLAKA | D263: 55.74 | E263: IBT 02 | F263: ST | G263: Kolaka | H263: REG 05 | I263: 2.8 | J263: =_xlfn.XLOOKUP(C263,Master!C:C,Master!B:B) -> 2292
A264: 993247 | C264: ST EG TDM KUPANG | D264: 56.38 | E264: IBT 03 | F264: ST | G264: Kupang | H264: REG 05 | I264: 2.8 | J264: =_xlfn.XLOOKUP(C264,Master!C:C,Master!B:B) -> 2284
A265: 992519 | C265: ST EG WAINGAPU SUMBA | D265: 54.80 | E265: IBT 03 | F265: ST | G265: Sumba Timur | H265: REG 05 | I265: 2.75 | J265: =_xlfn.XLOOKUP(C265,Master!C:C,Master!B:B) -> 2124

Sheet Master
A1: Review number | B1: Site | C1: Short branch name | D1: Result | E1: Branch Area | F1: Jenis Toko | G1: Kota | H1: Regional | I1: KPI
A2: 1056145 | B2: 2269 | C2: ST EG KALIMALANG JAKTIM | D2: 80.8 | E2: DKI 01 | F2: ST | G2: Jakarta Timur | H2: REG 01 | I2: 4.05
A3: 1055690 | B3: 7017 | C3: ST EG PURWOREJO | D3: 72.19 | E3: JATENG 01 | F3: ST | G3: Kabupaten Purworejo | H3: REG 01 | I3: 3.6
A4: 1056015 | B4: 2135 | C4: ST EG OL KEMANGGISAN JAKARTA | D4: 65.93 | E4: DKI 01 | F4: ST | G4: Jakarta Barat | H4: REG 01 | I4: 3.3
A5: 1055760 | B5: 2325 | C5: ST EG TEHOK JAMBI | D5: 74.77 | E5: SUM 01 | F5: ST | G5: Jambi | H5: REG 02 | I5: 3.75
A6: 1055619 | B6: 2219 | C6: ST EG SURABAYA BARAT | D6: 67.26 | E6: JATIM 01 | F6: ST | G6: Surabaya | H6: REG 03 | I6: 3.35
A7: 1059090 | B7: 7040 | C7: ST EG BANDA ACEH | D7: 88.9 | E7: SUM 02 | F7: ST | G7: Banda Aceh | H7: REG 02 | I7: 4.45
A8: 1056046 | B8: 2013 | C8: ST EG OL BOGOR | D8: 75.39 | E8: DKI 02 | F8: ST | G8: Bogor | H8: REG 01 | I8: 3.75
A9: 1055857 | B9: 2225 | C9: ST EG ANTASARI LAMPUNG | D9: 83.01 | E9: SUM 01 | F9: ST | G9: Bandar Lampung | H9: REG 02 | I9: 4.15
A10: 1055707 | B10: 7032 | C10: ST EG CIMAHI UTARA | D10: 80.72 | E10: JABAR 01 | F10: ST | G10: Cimahi | H10: REG 02 | I10: 4.05
A11: 1057277 | B11: 5148 | C11: SH EG PARIS VAN JAVA BANDUNG | D11: 85.41 | E11: JABAR 01 | F11: SH | G11: Bandung | H11: REG 02 | I11: 4.25
A12: 1056034 | B12: 2398 | C12: ST EG OL MANYAR 2 | D12: 72.74 | E12: JATIM 01 | F12: ST | G12: Surabaya | H12: REG 03 | I12: 3.65
A13: 1056194 | B13: 5025 | C13: SH EG ATRIUM JAKARTA | D13: 82.97 | E13: DKI 01 | F13: SH | G13: Jakarta Pusat | H13: REG 01 | I13: 4.15
... A277: 1060604 | B277: 2354 | C277: ST EG MUARA BUNGO | D277: 58.14 | E277: SUM 01 | F277: ST | G277: Jambi | H277: REG 02 | I277: 2.9
A278: Average | D278: 78.95 | I278: 3.95
